{"ElasticNet":{"alpha":0.001,"l1_ratio":0.9,"MAE":0.0138993744,"R2":0.0064574899},"GBR":{"MAE":0.0159571217,"R2":-0.2647424117}}