feature,label,n,R2_quad,is_u_shape,turning_point,coef_lin,coef_quad
store_density_km2,밀도,1650,0.006649369790997173,True,137465.7521607937,-0.0027676375960898484,0.00013889535341998264
hhi,HHI,1650,0.04904557376996366,False,0.4582409797097725,0.008099225158866774,-0.00043107886335930294
turnover_rate,턴오버,1650,0.511139720458479,False,0.27676135123154244,0.01538397197010826,-0.0006472684203322519
